{"26405488_left": {"pose": [0.1113325872574514, 0.8207481722451926, 0.04550905451430457, -1.64633974845365, -0.17857016318886476, -2.937663676632542], "timestamp": 1673597556.0704472}, "26405488_right": {"pose": [-0.009417838799177, 0.7972668750161092, 0.0693151223699266, -1.6473025257925253, -0.18917295438381165, -2.942218897492042], "timestamp": 1673597557.3687217}, "19824535_left": {"pose": [-0.07528310648512061, 0.02872136764193708, 0.023316565592628957, -0.3255773557130956, 0.006247432431090383, -1.562874530416053], "timestamp": 1680893804.7454631}, "19824535_right": {"pose": [-0.06961440752114842, -0.035396599227355253, 0.020410786906711484, -0.31886273624702377, 0.007822018427507738, -1.552143062181081], "timestamp": 1680893807.0068362}, "29838012_left": {"pose": [0.42385358751757574, 0.4626384952979812, 0.5072865967113614, -2.341722424861385, 0.08550930848336424, 3.0551626376452683], "timestamp": 1680894489.7359874}, "29838012_right": {"pose": [0.3019451803701624, 0.4767405710534327, 0.4875508861116462, -2.3321785606204752, 0.07641219109956565, 3.084965599905071], "timestamp": 1680894491.0840807}, "23404442_left": {"pose": [0.282413249679177, -0.5296331915565036, 0.18879102964730526, -1.9478538259079614, 0.01936191897000339, -0.3607309522298378], "timestamp": 1680894340.4360833}, "23404442_right": {"pose": [0.3830961957079439, -0.5750697995241142, 0.18693360600298486, -1.9475434908445413, 0.017147920314499965, -0.37092942838440296], "timestamp": 1680894342.5872135}, "25047636_left": {"pose": [0.07340558140680695, 0.5156490257059816, 0.4281743447395259, -1.6965680700913226, -0.034736919469162686, -1.885989266929406], "timestamp": 1681766220.8914747}, "25047636_right": {"pose": [0.03569516125996883, 0.4053059655211936, 0.43071593984558154, -1.6899014550942697, -0.03696022787673914, -1.893395106290606], "timestamp": 1681766222.6538432}, "24013089_left": {"pose": [-0.3206502044402928, -0.5304493686007883, 0.42376401554190096, -1.622626739163971, 0.06677435377014129, -1.2772408028279139], "timestamp": 1681766501.967219}, "24013089_right": {"pose": [-0.2825497778982792, -0.6436933779940088, 0.41603644008626617, -1.6257047586363, 0.04705066904910127, -1.2788746721901774], "timestamp": 1681766503.9601672}, "17225336_left": {"pose": [-0.07977485712304598, 0.027157387190854677, 0.019896149104084, -0.3408855778016776, 0.01080560117896634, -1.5027333264205534], "timestamp": 1681767853.478539}, "17225336_right": {"pose": [-0.07532925046741822, -0.0391750886775472, 0.017057985152489352, -0.3365330498022697, 0.0016603246184496712, -1.4998393774830407], "timestamp": 1681767856.071552}}